1,Hamshar, Sholom,shamshar0@adobe.com,91.55.143.202
2,Moyer, Sean,smoyer1@indiatimes.com,150.65.63.199
3,Piolli, Toinette,tpiolli2@bbb.org,16.95.75.237
4,Behrend, Vonni,vbehrend3@hatena.ne.jp,92.199.219.197
5,Yukhnin, Garwin,gyukhnin4@salon.com,63.191.234.67
6,Thistleton, Olympia,othistleton5@geocities.com,167.119.79.67
7,Furlonge, Maurizia,mfurlonge6@g.co,14.75.241.16
9,Meiklam, Desmund,dmeiklam8@bing.com,73.126.97.136
11,Loxley, Giorgia,gloxleya@netscape.com,131.190.184.53
12,Woffenden, Viki,vwoffendenb@csmonitor.com,38.214.211.238
13,Michael, Kevon,kmichaelc@about.me,218.47.155.117
14,Bycraft, Billy,bbycraftd@hubpages.com,244.37.60.123
15,Scougal, Johannes,jscougale@umn.edu,254.131.177.233
17,Leyfield, Maury,mleyfieldg@tripod.com,250.103.224.76
19,Ogilvy, Durant,dogilvyi@elegantthemes.com,195.103.173.197
20,Guinn, Gaston,gguinnj@wp.com,183.185.80.207
21,Blackwell, Adan,ablackwellk@google.com.hk,31.89.74.98
23,Kilpin, Esme,ekilpinm@hc360.com,231.128.196.210
25,Taft, Errick,etafto@myspace.com,233.139.138.223
26,Hayes, Ilysa,ihayesp@people.com.cn,197.88.138.60
27,Voyce, Dyanna,dvoyceq@economist.com,34.184.108.224
28,Pahler, Angil,apahlerr@ehow.com,50.150.58.156
29,Bruyns, Esmaria,ebruynss@miitbeian.gov.cn,103.6.3.147
30,Fynn, Sophie,sfynnt@printfriendly.com,99.238.25.188
31,Champniss, Natka,nchampnissu@businesswire.com,180.129.220.117
33,Wessing, Harlin,hwessingw@merriam-webster.com,91.156.255.59
35,Vaissiere, Elinor,evaissierey@pbs.org,162.51.70.179
37,Nuzzetti, Iver,inuzzetti10@angelfire.com,149.86.86.91
39,Scrancher, Steve,sscrancher12@ftc.gov,21.246.73.22
40,Emmins, Shela,semmins13@51.la,157.92.92.253
41,Geraud, Duffie,dgeraud14@oracle.com,16.139.123.116
43,Regus, Marianna,mregus16@ebay.co.uk,93.248.171.226
44,Casa, Rebeca,rcasa17@theatlantic.com,171.26.208.234
45,McCurtin, Bevan,bmccurtin18@google.co.jp,191.207.142.0
46,Thornally, Carmella,cthornally19@kickstarter.com,135.244.21.252
47,Gerritzen, Emmalynne,egerritzen1a@youtube.com,114.230.229.181
49,Clutram, Dionysus,dclutram1c@lycos.com,237.95.73.168
51,Cockren, Bar,bcockren1e@youku.com,140.75.89.185
52,Borrett, Fanchon,fborrett1f@51.la,107.219.6.170
53,Camelin, Sidonia,scamelin1g@moonfruit.com,20.15.96.146
54,Hacard, Margot,mhacard1h@google.com.au,112.244.155.74
55,Bonallack, Christi,cbonallack1i@4shared.com,198.168.242.96
56,Sinderson, Shawnee,ssinderson1j@example.com,13.64.4.207
57,Mousley, Giacomo,gmousley1k@naver.com,116.97.58.29
58,Hannon, Hedda,hhannon1l@edublogs.org,13.63.142.44
59,Conway, Nanny,nconway1m@flavors.me,169.131.200.124
60,Sandars, Anstice,asandars1n@reuters.com,214.170.146.1
61,de Savery, Alina,adesavery1o@shareasale.com,132.167.113.156
62,Ridsdell, Antonie,aridsdell1p@ycombinator.com,114.68.239.125
63,Goldthorpe, Zach,zgoldthorpe1q@is.gd,166.94.115.111
64,Reynoollds, Brandie,breynoollds1r@boston.com,5.127.114.26
65,Raiment, Mahmoud,mraiment1s@amazonaws.com,176.143.77.182
67,Rothman, Abdul,arothman1u@google.com.au,61.226.221.135
68,Sollowaye, Verena,vsollowaye1v@redcross.org,171.155.29.224
69,Kaes, Paulie,pkaes1w@europa.eu,19.1.83.159
70,Drinkale, Estrellita,edrinkale1x@livejournal.com,142.227.43.240
71,Lazarus, Feliks,flazarus1y@state.gov,222.33.213.103
73,Catcheside, Vasili,vcatcheside20@illinois.edu,97.232.128.109
75,Vallance, Marleen,mvallance22@delicious.com,72.195.50.48
77,Noriega, Saw,snoriega24@loc.gov,247.33.153.187
78,Blamphin, Hedvige,hblamphin25@opensource.org,158.230.39.183
79,O'Hartagan, Morten,mohartagan26@cisco.com,216.97.51.216
81,Raddon, Rana,rraddon28@angelfire.com,99.112.197.153
83,Trobe, Georgeanne,gtrobe2a@nymag.com,112.145.111.198
84,Wilman, Babb,bwilman2b@instagram.com,60.33.135.53
85,Greer, Melli,mgreer2c@boston.com,24.123.44.208
87,Wasiela, Harlin,hwasiela2e@phoca.cz,146.123.106.136
88,Sparkwell, Beulah,bsparkwell2f@etsy.com,177.163.102.29
89,Brouwer, Trstram,tbrouwer2g@linkedin.com,95.193.168.181
90,Bringloe, Livvyy,lbringloe2h@loc.gov,73.71.50.210
91,Cathery, Thalia,tcathery2i@ehow.com,105.115.231.171
93,Eynald, Trudi,teynald2k@infoseek.co.jp,169.237.168.145
95,Ruggier, Alain,aruggier2m@hexun.com,78.50.113.18
97,Tolerton, Shepherd,stolerton2o@topsy.com,230.100.233.18
99,Buttle, Kingston,kbuttle2q@state.gov,91.1.153.173
100,Domingues, Rickie,rdomingues2r@cargocollective.com,139.137.58.225
